flowers.jpg;1;;;;;;;;;
1_Badge.png;;;;;;;1;;;
1_Badge_ecusson.png;;;;;;;;1;;
1_Badge_gif.gif;;;;;;;;;1;
1_Badge_small.png;;;;;;;;;;1
2_Badge.png;;;;;;;2;;;
2_Badge_ecusson.png;;;;;;;;2;;
2_Badge_gif.gif;;;;;;;;;2;
2_Badge_small.png;;;;;;;;;;2
3_Badge.png;;;;;;;3;;;
3_Badge_ecusson.png;;;;;;;;3;;
3_Badge_gif.gif;;;;;;;;;3;
3_Badge_small.png;;;;;;;;;;3
4_Badge.png;;;;;;;4;;;
4_Badge_ecusson.png;;;;;;;;4;;
4_Badge_gif.gif;;;;;;;;;4;
4_Badge_small.png;;;;;;;;;;4
5_Badge.png;;;;;;;5;;;
5_Badge_ecusson.png;;;;;;;;5;;
5_Badge_gif.gif;;;;;;;;;5;
5_Badge_small.png;;;;;;;;;;5
6_Badge.png;;;;;;;6;;;
6_Badge_ecusson.png;;;;;;;;6;;
6_Badge_gif.gif;;;;;;;;;6;
6_Badge_small.png;;;;;;;;;;6
7_Badge.png;;;;;;;7;;;
7_Badge_ecusson.png;;;;;;;;7;;
7_Badge_gif.gif;;;;;;;;;7;
7_Badge_small.png;;;;;;;;;;7