4;1;true;;
5;1;Par un ami;;
14;2;insurance_policy.png;insurance_policy.png;insurance_policy.png
13;2;driving_licence.jpg;driving_licence.jpg;driving_licence.jpg
12;2;id.png;id.png;id.png
14;3;insurance_policy.png;insurance_policy.png;insurance_policy.png
13;3;driving_licence.jpg;driving_licence.jpg;driving_licence.jpg
12;3;id.png;id.png;id.png
14;4;insurance_policy.png;insurance_policy.png;insurance_policy.png
13;4;driving_licence.jpg;driving_licence.jpg;driving_licence.jpg
12;4;id.png;id.png;id.png
12;5;id.png;id.png;id.png
12;6;id.png;id.png;id.png
18;9;document.png;document.png;document.png
19;7;1;;
20;7;1;;
20;8;1;;
16;10;driving_licence.jpg;driving_licence.jpg;driving_licence.jpg
16;11;driving_licence.jpg;driving_licence.jpg;driving_licence.jpg
17;10;insurance_policy.png;insurance_policy.png;insurance_policy.png
17;11;insurance_policy.png;insurance_policy.png;insurance_policy.png
15;11;id.png;id.png;id.png